{
    "levelNumber": 1,
    "spawnStart": {
        "x": 79.0,
        "y": 1.399999976158142,
        "z": 22.0
    },
    "spawnEnd": {
        "x": 79.0,
        "y": 1.399999976158142,
        "z": 13.0
    },
    "prefabNames": [
        "Apple",
        "Pumpkin"
    ],
    "towerPos": [
        {
            "x": 27.519224166870118,
            "y": 0.5,
            "z": 28.11800765991211
        },
        {
            "x": 24.143075942993165,
            "y": 0.5,
            "z": 15.316553115844727
        }
    ],
    "scoreToFinish": 45000,
    "scoreUpgrades": [
        500,
        700,
        1000,
        1500,
        2200,
        2900,
        3550,
        4600,
        6000,
        7500,
        9000
    ],
    "breakableMaxHP": 10.0,
    "towerPrefabName": "TowerEmpty",
    "towerDamage": 0.0,
    "towerAttackRate": 0.0,
    "towerRange": 0.0
}