{
    "levelNumber": 1,
    "spawnStart": {
        "x": 79.0,
        "y": 1.399999976158142,
        "z": 22.0
    },
    "spawnEnd": {
        "x": 79.0,
        "y": 1.399999976158142,
        "z": 13.0
    },
    "prefabNames": [
        "Apple",
        "Pumpkin"
    ],
    "towerPos": [
        {
            "x": 25.771135330200197,
            "y": 0.5,
            "z": 8.440032958984375
        },
        {
            "x": 25.75853729248047,
            "y": 0.5,
            "z": 16.49260902404785
        },
        {
            "x": 25.455272674560548,
            "y": 0.5,
            "z": 24.376073837280275
        }
    ],
    "scoreToFinish": 45000,
    "scoreUpgrades": [
        500,
        700,
        1000,
        1500,
        2200,
        2900,
        3550,
        4600,
        6000,
        7500,
        9000
    ],
    "breakableMaxHP": 10.0,
    "towerPrefabName": "TowerEmpty",
    "towerDamage": 0.0,
    "towerAttackRate": 0.0,
    "towerRange": 0.0
}