{
    "levelNumber": 1,
    "spawnStart": {
        "x": 79.0,
        "y": 1.399999976158142,
        "z": 22.0
    },
    "spawnEnd": {
        "x": 79.0,
        "y": 1.399999976158142,
        "z": 13.0
    },
    "prefabNames": [
        "Apple",
        "Pumpkin",
        "Diamon",
        "Coin"
    ],
    "towerPos": [
        {
            "x": 25.0,
            "y": 0.5,
            "z": 25.0
        },
        {
            "x": 25.0,
            "y": 0.5,
            "z": 15.0
        }
    ],
    "scoreToFinish": 35000,
    "scoreUpgrades": [
        500,
        1000,
        1500,
        2000,
        2500,
        3000,
        3500,
        4000,
        4500,
        5000,
        5500
    ],
    "breakableMaxHP": 10.0,
    "towerPrefabName": "TowerEmpty",
    "towerDamage": 0.0,
    "towerAttackRate": 0.0,
    "towerRange": 0.0
}